At Least,But Less Than,Single,Married filing jointly,Married filing          separately,Head of household
0,5,0,0,0,0
5,15,1,1,1,1
15,25,2,2,2,2
25,50,4,4,4,4
50,75,6,6,6,6
75,100,9,9,9,9
100,125,11,11,11,11
125,150,14,14,14,14
150,175,16,16,16,16
175,200,19,19,19,19
200,225,21,21,21,21
225,250,24,24,24,24
250,275,26,26,26,26
275,300,29,29,29,29
300,325,31,31,31,31
325,350,34,34,34,34
350,375,36,36,36,36
375,400,39,39,39,39
400,425,41,41,41,41
425,450,44,44,44,44
450,475,46,46,46,46
475,500,49,49,49,49
500,525,51,51,51,51
525,550,54,54,54,54
550,575,56,56,56,56
575,600,59,59,59,59
600,625,61,61,61,61
625,650,64,64,64,64
650,675,66,66,66,66
675,700,69,69,69,69
700,725,71,71,71,71
725,750,74,74,74,74
750,775,76,76,76,76
775,800,79,79,79,79
800,825,81,81,81,81
825,850,84,84,84,84
850,875,86,86,86,86
875,900,89,89,89,89
900,925,91,91,91,91
925,950,94,94,94,94
950,975,96,96,96,96
975,1000,99,99,99,99
1000,1025,101,101,101,101
1025,1050,104,104,104,104
1050,1075,106,106,106,106
1075,1100,109,109,109,109
1100,1125,111,111,111,111
1125,1150,114,114,114,114
1150,1175,116,116,116,116
1175,1200,119,119,119,119
1200,1225,121,121,121,121
1225,1250,124,124,124,124
1250,1275,126,126,126,126
1275,1300,129,129,129,129
1300,1325,131,131,131,131
1325,1350,134,134,134,134
1350,1375,136,136,136,136
1375,1400,139,139,139,139
1400,1425,141,141,141,141
1425,1450,144,144,144,144
1450,1475,146,146,146,146
1475,1500,149,149,149,149
1500,1525,151,151,151,151
1525,1550,154,154,154,154
1550,1575,156,156,156,156
1575,1600,159,159,159,159
1600,1625,161,161,161,161
1625,1650,164,164,164,164
1650,1675,166,166,166,166
1675,1700,169,169,169,169
1700,1725,171,171,171,171
1725,1750,174,174,174,174
1750,1775,176,176,176,176
1775,1800,179,179,179,179
1800,1825,181,181,181,181
1825,1850,184,184,184,184
1850,1875,186,186,186,186
1875,1900,189,189,189,189
1900,1925,191,191,191,191
1925,1950,194,194,194,194
1950,1975,196,196,196,196
1975,2000,199,199,199,199
2000,2025,201,201,201,201
2025,2050,204,204,204,204
2050,2075,206,206,206,206
2075,2100,209,209,209,209
2100,2125,211,211,211,211
2125,2150,214,214,214,214
2150,2175,216,216,216,216
2175,2200,219,219,219,219
2200,2225,221,221,221,221
2225,2250,224,224,224,224
2250,2275,226,226,226,226
2275,2300,229,229,229,229
2300,2325,231,231,231,231
2325,2350,234,234,234,234
2350,2375,236,236,236,236
2375,2400,239,239,239,239
2400,2425,241,241,241,241
2425,2450,244,244,244,244
2450,2475,246,246,246,246
2475,2500,249,249,249,249
2500,2525,251,251,251,251
2525,2550,254,254,254,254
2550,2575,256,256,256,256
2575,2600,259,259,259,259
2600,2625,261,261,261,261
2625,2650,264,264,264,264
2650,2675,266,266,266,266
2675,2700,269,269,269,269
2700,2725,271,271,271,271
2725,2750,274,274,274,274
2750,2775,276,276,276,276
2775,2800,279,279,279,279
2800,2825,281,281,281,281
2825,2850,284,284,284,284
2850,2875,286,286,286,286
2875,2900,289,289,289,289
2900,2925,291,291,291,291
2925,2950,294,294,294,294
2950,2975,296,296,296,296
2975,3000,299,299,299,299
3000,3050,303,303,303,303
3050,3100,308,308,308,308
3100,3150,313,313,313,313
3150,3200,318,318,318,318
3200,3250,323,323,323,323
3250,3300,328,328,328,328
3300,3350,333,333,333,333
3350,3400,338,338,338,338
3400,3450,343,343,343,343
3450,3500,348,348,348,348
3500,3550,353,353,353,353
3550,3600,358,358,358,358
3600,3650,363,363,363,363
3650,3700,368,368,368,368
3700,3750,373,373,373,373
3750,3800,378,378,378,378
3800,3850,383,383,383,383
3850,3900,388,388,388,388
3900,3950,393,393,393,393
3950,4000,398,398,398,398
4000,4050,403,403,403,403
4050,4100,408,408,408,408
4100,4150,413,413,413,413
4150,4200,418,418,418,418
4200,4250,423,423,423,423
4250,4300,428,428,428,428
4300,4350,433,433,433,433
4350,4400,438,438,438,438
4400,4450,443,443,443,443
4450,4500,448,448,448,448
4500,4550,453,453,453,453
4550,4600,458,458,458,458
4600,4650,463,463,463,463
4650,4700,468,468,468,468
4700,4750,473,473,473,473
4750,4800,478,478,478,478
4800,4850,483,483,483,483
4850,4900,488,488,488,488
4900,4950,493,493,493,493
4950,5000,498,498,498,498
5000,5050,503,503,503,503
5050,5100,508,508,508,508
5100,5150,513,513,513,513
5150,5200,518,518,518,518
5200,5250,523,523,523,523
5250,5300,528,528,528,528
5300,5350,533,533,533,533
5350,5400,538,538,538,538
5400,5450,543,543,543,543
5450,5500,548,548,548,548
5500,5550,553,553,553,553
5550,5600,558,558,558,558
5600,5650,563,563,563,563
5650,5700,568,568,568,568
5700,5750,573,573,573,573
5750,5800,578,578,578,578
5800,5850,583,583,583,583
5850,5900,588,588,588,588
5900,5950,593,593,593,593
5950,6000,598,598,598,598
6000,6050,603,603,603,603
6050,6100,608,608,608,608
6100,6150,613,613,613,613
6150,6200,618,618,618,618
6200,6250,623,623,623,623
6250,6300,628,628,628,628
6300,6350,633,633,633,633
6350,6400,638,638,638,638
6400,6450,643,643,643,643
6450,6500,648,648,648,648
6500,6550,653,653,653,653
6550,6600,658,658,658,658
6600,6650,663,663,663,663
6650,6700,668,668,668,668
6700,6750,673,673,673,673
6750,6800,678,678,678,678
6800,6850,683,683,683,683
6850,6900,688,688,688,688
6900,6950,693,693,693,693
6950,7000,698,698,698,698
7000,7050,703,703,703,703
7050,7100,708,708,708,708
7100,7150,713,713,713,713
7150,7200,718,718,718,718
7200,7250,723,723,723,723
7250,7300,728,728,728,728
7300,7350,733,733,733,733
7350,7400,738,738,738,738
7400,7450,743,743,743,743
7450,7500,748,748,748,748
7500,7550,753,753,753,753
7550,7600,758,758,758,758
7600,7650,763,763,763,763
7650,7700,768,768,768,768
7700,7750,773,773,773,773
7750,7800,778,778,778,778
7800,7850,783,783,783,783
7850,7900,788,788,788,788
7900,7950,793,793,793,793
7950,8000,798,798,798,798
8000,8050,803,803,803,803
8050,8100,808,808,808,808
8100,8150,813,813,813,813
8150,8200,818,818,818,818
8200,8250,823,823,823,823
8250,8300,828,828,828,828
8300,8350,833,833,833,833
8350,8400,838,838,838,838
8400,8450,843,843,843,843
8450,8500,848,848,848,848
8500,8550,853,853,853,853
8550,8600,858,858,858,858
8600,8650,863,863,863,863
8650,8700,868,868,868,868
8700,8750,873,873,873,873
8750,8800,878,878,878,878
8800,8850,883,883,883,883
8850,8900,888,888,888,888
8900,8950,893,893,893,893
8950,9000,898,898,898,898
9000,9050,903,903,903,903
9050,9100,908,908,908,908
9100,9150,913,913,913,913
9150,9200,918,918,918,918
9200,9250,923,923,923,923
9250,9300,928,928,928,928
9300,9350,933,933,933,933
9350,9400,940,938,940,938
9400,9450,948,943,948,943
9450,9500,955,948,955,948
9500,9550,963,953,963,953
9550,9600,970,958,970,958
9600,9650,978,963,978,963
9650,9700,985,968,985,968
9700,9750,993,973,993,973
9750,9800,1000,978,1000,978
9800,9850,1008,983,1008,983
9850,9900,1015,988,1015,988
9900,9950,1023,993,1023,993
9950,10000,1030,998,1030,998
10000,10050,1038,1003,1038,1003
10050,10100,1045,1008,1045,1008
10100,10150,1053,1013,1053,1013
10150,10200,1060,1018,1060,1018
10200,10250,1068,1023,1068,1023
10250,10300,1075,1028,1075,1028
10300,10350,1083,1033,1083,1033
10350,10400,1090,1038,1090,1038
10400,10450,1098,1043,1098,1043
10450,10500,1105,1048,1105,1048
10500,10550,1113,1053,1113,1053
10550,10600,1120,1058,1120,1058
10600,10650,1128,1063,1128,1063
10650,10700,1135,1068,1135,1068
10700,10750,1143,1073,1143,1073
10750,10800,1150,1078,1150,1078
10800,10850,1158,1083,1158,1083
10850,10900,1165,1088,1165,1088
10900,10950,1173,1093,1173,1093
10950,11000,1180,1098,1180,1098
11000,11050,1188,1103,1188,1103
11050,11100,1195,1108,1195,1108
11100,11150,1203,1113,1203,1113
11150,11200,1210,1118,1210,1118
11200,11250,1218,1123,1218,1123
11250,11300,1225,1128,1225,1128
11300,11350,1233,1133,1233,1133
11350,11400,1240,1138,1240,1138
11400,11450,1248,1143,1248,1143
11450,11500,1255,1148,1255,1148
11500,11550,1263,1153,1263,1153
11550,11600,1270,1158,1270,1158
11600,11650,1278,1163,1278,1163
11650,11700,1285,1168,1285,1168
11700,11750,1293,1173,1293,1173
11750,11800,1300,1178,1300,1178
11800,11850,1308,1183,1308,1183
11850,11900,1315,1188,1315,1188
11900,11950,1323,1193,1323,1193
11950,12000,1330,1198,1330,1198
12000,12050,1338,1203,1338,1203
12050,12100,1345,1208,1345,1208
12100,12150,1353,1213,1353,1213
12150,12200,1360,1218,1360,1218
12200,12250,1368,1223,1368,1223
12250,12300,1375,1228,1375,1228
12300,12350,1383,1233,1383,1233
12350,12400,1390,1238,1390,1238
12400,12450,1398,1243,1398,1243
12450,12500,1405,1248,1405,1248
12500,12550,1413,1253,1413,1253
12550,12600,1420,1258,1420,1258
12600,12650,1428,1263,1428,1263
12650,12700,1435,1268,1435,1268
12700,12750,1443,1273,1443,1273
12750,12800,1450,1278,1450,1278
12800,12850,1458,1283,1458,1283
12850,12900,1465,1288,1465,1288
12900,12950,1473,1293,1473,1293
12950,13000,1480,1298,1480,1298
13000,13050,1488,1303,1488,1303
13050,13100,1495,1308,1495,1308
13100,13150,1503,1313,1503,1313
13150,13200,1510,1318,1510,1318
13200,13250,1518,1323,1518,1323
13250,13300,1525,1328,1525,1328
13300,13350,1533,1333,1533,1333
13350,13400,1540,1338,1540,1339
13400,13450,1548,1343,1548,1346
13450,13500,1555,1348,1555,1354
13500,13550,1563,1353,1563,1361
13550,13600,1570,1358,1570,1369
13600,13650,1578,1363,1578,1376
13650,13700,1585,1368,1585,1384
13700,13750,1593,1373,1593,1391
13750,13800,1600,1378,1600,1399
13800,13850,1608,1383,1608,1406
13850,13900,1615,1388,1615,1414
13900,13950,1623,1393,1623,1421
13950,14000,1630,1398,1630,1429
14000,14050,1638,1403,1638,1436
14050,14100,1645,1408,1645,1444
14100,14150,1653,1413,1653,1451
14150,14200,1660,1418,1660,1459
14200,14250,1668,1423,1668,1466
14250,14300,1675,1428,1675,1474
14300,14350,1683,1433,1683,1481
14350,14400,1690,1438,1690,1489
14400,14450,1698,1443,1698,1496
14450,14500,1705,1448,1705,1504
14500,14550,1713,1453,1713,1511
14550,14600,1720,1458,1720,1519
14600,14650,1728,1463,1728,1526
14650,14700,1735,1468,1735,1534
14700,14750,1743,1473,1743,1541
14750,14800,1750,1478,1750,1549
14800,14850,1758,1483,1758,1556
14850,14900,1765,1488,1765,1564
14900,14950,1773,1493,1773,1571
14950,15000,1780,1498,1780,1579
15000,15050,1788,1503,1788,1586
15050,15100,1795,1508,1795,1594
15100,15150,1803,1513,1803,1601
15150,15200,1810,1518,1810,1609
15200,15250,1818,1523,1818,1616
15250,15300,1825,1528,1825,1624
15300,15350,1833,1533,1833,1631
15350,15400,1840,1538,1840,1639
15400,15450,1848,1543,1848,1646
15450,15500,1855,1548,1855,1654
15500,15550,1863,1553,1863,1661
15550,15600,1870,1558,1870,1669
15600,15650,1878,1563,1878,1676
15650,15700,1885,1568,1885,1684
15700,15750,1893,1573,1893,1691
15750,15800,1900,1578,1900,1699
15800,15850,1908,1583,1908,1706
15850,15900,1915,1588,1915,1714
15900,15950,1923,1593,1923,1721
15950,16000,1930,1598,1930,1729
16000,16050,1938,1603,1938,1736
16050,16100,1945,1608,1945,1744
16100,16150,1953,1613,1953,1751
16150,16200,1960,1618,1960,1759
16200,16250,1968,1623,1968,1766
16250,16300,1975,1628,1975,1774
16300,16350,1983,1633,1983,1781
16350,16400,1990,1638,1990,1789
16400,16450,1998,1643,1998,1796
16450,16500,2005,1648,2005,1804
16500,16550,2013,1653,2013,1811
16550,16600,2020,1658,2020,1819
16600,16650,2028,1663,2028,1826
16650,16700,2035,1668,2035,1834
16700,16750,2043,1673,2043,1841
16750,16800,2050,1678,2050,1849
16800,16850,2058,1683,2058,1856
16850,16900,2065,1688,2065,1864
16900,16950,2073,1693,2073,1871
16950,17000,2080,1698,2080,1879
17000,17050,2088,1703,2088,1886
17050,17100,2095,1708,2095,1894
17100,17150,2103,1713,2103,1901
17150,17200,2110,1718,2110,1909
17200,17250,2118,1723,2118,1916
17250,17300,2125,1728,2125,1924
17300,17350,2133,1733,2133,1931
17350,17400,2140,1738,2140,1939
17400,17450,2148,1743,2148,1946
17450,17500,2155,1748,2155,1954
17500,17550,2163,1753,2163,1961
17550,17600,2170,1758,2170,1969
17600,17650,2178,1763,2178,1976
17650,17700,2185,1768,2185,1984
17700,17750,2193,1773,2193,1991
17750,17800,2200,1778,2200,1999
17800,17850,2208,1783,2208,2006
17850,17900,2215,1788,2215,2014
17900,17950,2223,1793,2223,2021
17950,18000,2230,1798,2230,2029
18000,18050,2238,1803,2238,2036
18050,18100,2245,1808,2245,2044
18100,18150,2253,1813,2253,2051
18150,18200,2260,1818,2260,2059
18200,18250,2268,1823,2268,2066
18250,18300,2275,1828,2275,2074
18300,18350,2283,1833,2283,2081
18350,18400,2290,1838,2290,2089
18400,18450,2298,1843,2298,2096
18450,18500,2305,1848,2305,2104
18500,18550,2313,1853,2313,2111
18550,18600,2320,1858,2320,2119
18600,18650,2328,1863,2328,2126
18650,18700,2335,1869,2335,2134
18700,18750,2343,1876,2343,2141
18750,18800,2350,1884,2350,2149
18800,18850,2358,1891,2358,2156
18850,18900,2365,1899,2365,2164
18900,18950,2373,1906,2373,2171
18950,19000,2380,1914,2380,2179
19000,19050,2388,1921,2388,2186
19050,19100,2395,1929,2395,2194
19100,19150,2403,1936,2403,2201
19150,19200,2410,1944,2410,2209
19200,19250,2418,1951,2418,2216
19250,19300,2425,1959,2425,2224
19300,19350,2433,1966,2433,2231
19350,19400,2440,1974,2440,2239
19400,19450,2448,1981,2448,2246
19450,19500,2455,1989,2455,2254
19500,19550,2463,1996,2463,2261
19550,19600,2470,2004,2470,2269
19600,19650,2478,2011,2478,2276
19650,19700,2485,2019,2485,2284
19700,19750,2493,2026,2493,2291
19750,19800,2500,2034,2500,2299
19800,19850,2508,2041,2508,2306
19850,19900,2515,2049,2515,2314
19900,19950,2523,2056,2523,2321
19950,20000,2530,2064,2530,2329
20000,20050,2538,2071,2538,2336
20050,20100,2545,2079,2545,2344
20100,20150,2553,2086,2553,2351
20150,20200,2560,2094,2560,2359
20200,20250,2568,2101,2568,2366
20250,20300,2575,2109,2575,2374
20300,20350,2583,2116,2583,2381
20350,20400,2590,2124,2590,2389
20400,20450,2598,2131,2598,2396
20450,20500,2605,2139,2605,2404
20500,20550,2613,2146,2613,2411
20550,20600,2620,2154,2620,2419
20600,20650,2628,2161,2628,2426
20650,20700,2635,2169,2635,2434
20700,20750,2643,2176,2643,2441
20750,20800,2650,2184,2650,2449
20800,20850,2658,2191,2658,2456
20850,20900,2665,2199,2665,2464
20900,20950,2673,2206,2673,2471
20950,21000,2680,2214,2680,2479
21000,21050,2688,2221,2688,2486
21050,21100,2695,2229,2695,2494
21100,21150,2703,2236,2703,2501
21150,21200,2710,2244,2710,2509
21200,21250,2718,2251,2718,2516
21250,21300,2725,2259,2725,2524
21300,21350,2733,2266,2733,2531
21350,21400,2740,2274,2740,2539
21400,21450,2748,2281,2748,2546
21450,21500,2755,2289,2755,2554
21500,21550,2763,2296,2763,2561
21550,21600,2770,2304,2770,2569
21600,21650,2778,2311,2778,2576
21650,21700,2785,2319,2785,2584
21700,21750,2793,2326,2793,2591
21750,21800,2800,2334,2800,2599
21800,21850,2808,2341,2808,2606
21850,21900,2815,2349,2815,2614
21900,21950,2823,2356,2823,2621
21950,22000,2830,2364,2830,2629
22000,22050,2838,2371,2838,2636
22050,22100,2845,2379,2845,2644
22100,22150,2853,2386,2853,2651
22150,22200,2860,2394,2860,2659
22200,22250,2868,2401,2868,2666
22250,22300,2875,2409,2875,2674
22300,22350,2883,2416,2883,2681
22350,22400,2890,2424,2890,2689
22400,22450,2898,2431,2898,2696
22450,22500,2905,2439,2905,2704
22500,22550,2913,2446,2913,2711
22550,22600,2920,2454,2920,2719
22600,22650,2928,2461,2928,2726
22650,22700,2935,2469,2935,2734
22700,22750,2943,2476,2943,2741
22750,22800,2950,2484,2950,2749
22800,22850,2958,2491,2958,2756
22850,22900,2965,2499,2965,2764
22900,22950,2973,2506,2973,2771
22950,23000,2980,2514,2980,2779
23000,23050,2988,2521,2988,2786
23050,23100,2995,2529,2995,2794
23100,23150,3003,2536,3003,2801
23150,23200,3010,2544,3010,2809
23200,23250,3018,2551,3018,2816
23250,23300,3025,2559,3025,2824
23300,23350,3033,2566,3033,2831
23350,23400,3040,2574,3040,2839
23400,23450,3048,2581,3048,2846
23450,23500,3055,2589,3055,2854
23500,23550,3063,2596,3063,2861
23550,23600,3070,2604,3070,2869
23600,23650,3078,2611,3078,2876
23650,23700,3085,2619,3085,2884
23700,23750,3093,2626,3093,2891
23750,23800,3100,2634,3100,2899
23800,23850,3108,2641,3108,2906
23850,23900,3115,2649,3115,2914
23900,23950,3123,2656,3123,2921
23950,24000,3130,2664,3130,2929
24000,24050,3138,2671,3138,2936
24050,24100,3145,2679,3145,2944
24100,24150,3153,2686,3153,2951
24150,24200,3160,2694,3160,2959
24200,24250,3168,2701,3168,2966
24250,24300,3175,2709,3175,2974
24300,24350,3183,2716,3183,2981
24350,24400,3190,2724,3190,2989
24400,24450,3198,2731,3198,2996
24450,24500,3205,2739,3205,3004
24500,24550,3213,2746,3213,3011
24550,24600,3220,2754,3220,3019
24600,24650,3228,2761,3228,3026
24650,24700,3235,2769,3235,3034
24700,24750,3243,2776,3243,3041
24750,24800,3250,2784,3250,3049
24800,24850,3258,2791,3258,3056
24850,24900,3265,2799,3265,3064
24900,24950,3273,2806,3273,3071
24950,25000,3280,2814,3280,3079
25000,25050,3288,2821,3288,3086
25050,25100,3295,2829,3295,3094
25100,25150,3303,2836,3303,3101
25150,25200,3310,2844,3310,3109
25200,25250,3318,2851,3318,3116
25250,25300,3325,2859,3325,3124
25300,25350,3333,2866,3333,3131
25350,25400,3340,2874,3340,3139
25400,25450,3348,2881,3348,3146
25450,25500,3355,2889,3355,3154
25500,25550,3363,2896,3363,3161
25550,25600,3370,2904,3370,3169
25600,25650,3378,2911,3378,3176
25650,25700,3385,2919,3385,3184
25700,25750,3393,2926,3393,3191
25750,25800,3400,2934,3400,3199
25800,25850,3408,2941,3408,3206
25850,25900,3415,2949,3415,3214
25900,25950,3423,2956,3423,3221
25950,26000,3430,2964,3430,3229
26000,26050,3438,2971,3438,3236
26050,26100,3445,2979,3445,3244
26100,26150,3453,2986,3453,3251
26150,26200,3460,2994,3460,3259
26200,26250,3468,3001,3468,3266
26250,26300,3475,3009,3475,3274
26300,26350,3483,3016,3483,3281
26350,26400,3490,3024,3490,3289
26400,26450,3498,3031,3498,3296
26450,26500,3505,3039,3505,3304
26500,26550,3513,3046,3513,3311
26550,26600,3520,3054,3520,3319
26600,26650,3528,3061,3528,3326
26650,26700,3535,3069,3535,3334
26700,26750,3543,3076,3543,3341
26750,26800,3550,3084,3550,3349
26800,26850,3558,3091,3558,3356
26850,26900,3565,3099,3565,3364
26900,26950,3573,3106,3573,3371
26950,27000,3580,3114,3580,3379
27000,27050,3588,3121,3588,3386
27050,27100,3595,3129,3595,3394
27100,27150,3603,3136,3603,3401
27150,27200,3610,3144,3610,3409
27200,27250,3618,3151,3618,3416
27250,27300,3625,3159,3625,3424
27300,27350,3633,3166,3633,3431
27350,27400,3640,3174,3640,3439
27400,27450,3648,3181,3648,3446
27450,27500,3655,3189,3655,3454
27500,27550,3663,3196,3663,3461
27550,27600,3670,3204,3670,3469
27600,27650,3678,3211,3678,3476
27650,27700,3685,3219,3685,3484
27700,27750,3693,3226,3693,3491
27750,27800,3700,3234,3700,3499
27800,27850,3708,3241,3708,3506
27850,27900,3715,3249,3715,3514
27900,27950,3723,3256,3723,3521
27950,28000,3730,3264,3730,3529
28000,28050,3738,3271,3738,3536
28050,28100,3745,3279,3745,3544
28100,28150,3753,3286,3753,3551
28150,28200,3760,3294,3760,3559
28200,28250,3768,3301,3768,3566
28250,28300,3775,3309,3775,3574
28300,28350,3783,3316,3783,3581
28350,28400,3790,3324,3790,3589
28400,28450,3798,3331,3798,3596
28450,28500,3805,3339,3805,3604
28500,28550,3813,3346,3813,3611
28550,28600,3820,3354,3820,3619
28600,28650,3828,3361,3828,3626
28650,28700,3835,3369,3835,3634
28700,28750,3843,3376,3843,3641
28750,28800,3850,3384,3850,3649
28800,28850,3858,3391,3858,3656
28850,28900,3865,3399,3865,3664
28900,28950,3873,3406,3873,3671
28950,29000,3880,3414,3880,3679
29000,29050,3888,3421,3888,3686
29050,29100,3895,3429,3895,3694
29100,29150,3903,3436,3903,3701
29150,29200,3910,3444,3910,3709
29200,29250,3918,3451,3918,3716
29250,29300,3925,3459,3925,3724
29300,29350,3933,3466,3933,3731
29350,29400,3940,3474,3940,3739
29400,29450,3948,3481,3948,3746
29450,29500,3955,3489,3955,3754
29500,29550,3963,3496,3963,3761
29550,29600,3970,3504,3970,3769
29600,29650,3978,3511,3978,3776
29650,29700,3985,3519,3985,3784
29700,29750,3993,3526,3993,3791
29750,29800,4000,3534,4000,3799
29800,29850,4008,3541,4008,3806
29850,29900,4015,3549,4015,3814
29900,29950,4023,3556,4023,3821
29950,30000,4030,3564,4030,3829
30000,30050,4038,3571,4038,3836
30050,30100,4045,3579,4045,3844
30100,30150,4053,3586,4053,3851
30150,30200,4060,3594,4060,3859
30200,30250,4068,3601,4068,3866
30250,30300,4075,3609,4075,3874
30300,30350,4083,3616,4083,3881
30350,30400,4090,3624,4090,3889
30400,30450,4098,3631,4098,3896
30450,30500,4105,3639,4105,3904
30500,30550,4113,3646,4113,3911
30550,30600,4120,3654,4120,3919
30600,30650,4128,3661,4128,3926
30650,30700,4135,3669,4135,3934
30700,30750,4143,3676,4143,3941
30750,30800,4150,3684,4150,3949
30800,30850,4158,3691,4158,3956
30850,30900,4165,3699,4165,3964
30900,30950,4173,3706,4173,3971
30950,31000,4180,3714,4180,3979
31000,31050,4188,3721,4188,3986
31050,31100,4195,3729,4195,3994
31100,31150,4203,3736,4203,4001
31150,31200,4210,3744,4210,4009
31200,31250,4218,3751,4218,4016
31250,31300,4225,3759,4225,4024
31300,31350,4233,3766,4233,4031
31350,31400,4240,3774,4240,4039
31400,31450,4248,3781,4248,4046
31450,31500,4255,3789,4255,4054
31500,31550,4263,3796,4263,4061
31550,31600,4270,3804,4270,4069
31600,31650,4278,3811,4278,4076
31650,31700,4285,3819,4285,4084
31700,31750,4293,3826,4293,4091
31750,31800,4300,3834,4300,4099
31800,31850,4308,3841,4308,4106
31850,31900,4315,3849,4315,4114
31900,31950,4323,3856,4323,4121
31950,32000,4330,3864,4330,4129
32000,32050,4338,3871,4338,4136
32050,32100,4345,3879,4345,4144
32100,32150,4353,3886,4353,4151
32150,32200,4360,3894,4360,4159
32200,32250,4368,3901,4368,4166
32250,32300,4375,3909,4375,4174
32300,32350,4383,3916,4383,4181
32350,32400,4390,3924,4390,4189
32400,32450,4398,3931,4398,4196
32450,32500,4405,3939,4405,4204
32500,32550,4413,3946,4413,4211
32550,32600,4420,3954,4420,4219
32600,32650,4428,3961,4428,4226
32650,32700,4435,3969,4435,4234
32700,32750,4443,3976,4443,4241
32750,32800,4450,3984,4450,4249
32800,32850,4458,3991,4458,4256
32850,32900,4465,3999,4465,4264
32900,32950,4473,4006,4473,4271
32950,33000,4480,4014,4480,4279
33000,33050,4488,4021,4488,4286
33050,33100,4495,4029,4495,4294
33100,33150,4503,4036,4503,4301
33150,33200,4510,4044,4510,4309
33200,33250,4518,4051,4518,4316
33250,33300,4525,4059,4525,4324
33300,33350,4533,4066,4533,4331
33350,33400,4540,4074,4540,4339
33400,33450,4548,4081,4548,4346
33450,33500,4555,4089,4555,4354
33500,33550,4563,4096,4563,4361
33550,33600,4570,4104,4570,4369
33600,33650,4578,4111,4578,4376
33650,33700,4585,4119,4585,4384
33700,33750,4593,4126,4593,4391
33750,33800,4600,4134,4600,4399
33800,33850,4608,4141,4608,4406
33850,33900,4615,4149,4615,4414
33900,33950,4623,4156,4623,4421
33950,34000,4630,4164,4630,4429
34000,34050,4638,4171,4638,4436
34050,34100,4645,4179,4645,4444
34100,34150,4653,4186,4653,4451
34150,34200,4660,4194,4660,4459
34200,34250,4668,4201,4668,4466
34250,34300,4675,4209,4675,4474
34300,34350,4683,4216,4683,4481
34350,34400,4690,4224,4690,4489
34400,34450,4698,4231,4698,4496
34450,34500,4705,4239,4705,4504
34500,34550,4713,4246,4713,4511
34550,34600,4720,4254,4720,4519
34600,34650,4728,4261,4728,4526
34650,34700,4735,4269,4735,4534
34700,34750,4743,4276,4743,4541
34750,34800,4750,4284,4750,4549
34800,34850,4758,4291,4758,4556
34850,34900,4765,4299,4765,4564
34900,34950,4773,4306,4773,4571
34950,35000,4780,4314,4780,4579
35000,35050,4788,4321,4788,4586
35050,35100,4795,4329,4795,4594
35100,35150,4803,4336,4803,4601
35150,35200,4810,4344,4810,4609
35200,35250,4818,4351,4818,4616
35250,35300,4825,4359,4825,4624
35300,35350,4833,4366,4833,4631
35350,35400,4840,4374,4840,4639
35400,35450,4848,4381,4848,4646
35450,35500,4855,4389,4855,4654
35500,35550,4863,4396,4863,4661
35550,35600,4870,4404,4870,4669
35600,35650,4878,4411,4878,4676
35650,35700,4885,4419,4885,4684
35700,35750,4893,4426,4893,4691
35750,35800,4900,4434,4900,4699
35800,35850,4908,4441,4908,4706
35850,35900,4915,4449,4915,4714
35900,35950,4923,4456,4923,4721
35950,36000,4930,4464,4930,4729
36000,36050,4938,4471,4938,4736
36050,36100,4945,4479,4945,4744
36100,36150,4953,4486,4953,4751
36150,36200,4960,4494,4960,4759
36200,36250,4968,4501,4968,4766
36250,36300,4975,4509,4975,4774
36300,36350,4983,4516,4983,4781
36350,36400,4990,4524,4990,4789
36400,36450,4998,4531,4998,4796
36450,36500,5005,4539,5005,4804
36500,36550,5013,4546,5013,4811
36550,36600,5020,4554,5020,4819
36600,36650,5028,4561,5028,4826
36650,36700,5035,4569,5035,4834
36700,36750,5043,4576,5043,4841
36750,36800,5050,4584,5050,4849
36800,36850,5058,4591,5058,4856
36850,36900,5065,4599,5065,4864
36900,36950,5073,4606,5073,4871
36950,37000,5080,4614,5080,4879
37000,37050,5088,4621,5088,4886
37050,37100,5095,4629,5095,4894
37100,37150,5103,4636,5103,4901
37150,37200,5110,4644,5110,4909
37200,37250,5118,4651,5118,4916
37250,37300,5125,4659,5125,4924
37300,37350,5133,4666,5133,4931
37350,37400,5140,4674,5140,4939
37400,37450,5148,4681,5148,4946
37450,37500,5155,4689,5155,4954
37500,37550,5163,4696,5163,4961
37550,37600,5170,4704,5170,4969
37600,37650,5178,4711,5178,4976
37650,37700,5185,4719,5185,4984
37700,37750,5193,4726,5193,4991
37750,37800,5200,4734,5200,4999
37800,37850,5208,4741,5208,5006
37850,37900,5215,4749,5215,5014
37900,37950,5223,4756,5223,5021
37950,38000,5233,4764,5233,5029
38000,38050,5245,4771,5245,5036
38050,38100,5258,4779,5258,5044
38100,38150,5270,4786,5270,5051
38150,38200,5283,4794,5283,5059
38200,38250,5295,4801,5295,5066
38250,38300,5308,4809,5308,5074
38300,38350,5320,4816,5320,5081
38350,38400,5333,4824,5333,5089
38400,38450,5345,4831,5345,5096
38450,38500,5358,4839,5358,5104
38500,38550,5370,4846,5370,5111
38550,38600,5383,4854,5383,5119
38600,38650,5395,4861,5395,5126
38650,38700,5408,4869,5408,5134
38700,38750,5420,4876,5420,5141
38750,38800,5433,4884,5433,5149
38800,38850,5445,4891,5445,5156
38850,38900,5458,4899,5458,5164
38900,38950,5470,4906,5470,5171
38950,39000,5483,4914,5483,5179
39000,39050,5495,4921,5495,5186
39050,39100,5508,4929,5508,5194
39100,39150,5520,4936,5520,5201
39150,39200,5533,4944,5533,5209
39200,39250,5545,4951,5545,5216
39250,39300,5558,4959,5558,5224
39300,39350,5570,4966,5570,5231
39350,39400,5583,4974,5583,5239
39400,39450,5595,4981,5595,5246
39450,39500,5608,4989,5608,5254
39500,39550,5620,4996,5620,5261
39550,39600,5633,5004,5633,5269
39600,39650,5645,5011,5645,5276
39650,39700,5658,5019,5658,5284
39700,39750,5670,5026,5670,5291
39750,39800,5683,5034,5683,5299
39800,39850,5695,5041,5695,5306
39850,39900,5708,5049,5708,5314
39900,39950,5720,5056,5720,5321
39950,40000,5733,5064,5733,5329
40000,40050,5745,5071,5745,5336
40050,40100,5758,5079,5758,5344
40100,40150,5770,5086,5770,5351
40150,40200,5783,5094,5783,5359
40200,40250,5795,5101,5795,5366
40250,40300,5808,5109,5808,5374
40300,40350,5820,5116,5820,5381
40350,40400,5833,5124,5833,5389
40400,40450,5845,5131,5845,5396
40450,40500,5858,5139,5858,5404
40500,40550,5870,5146,5870,5411
40550,40600,5883,5154,5883,5419
40600,40650,5895,5161,5895,5426
40650,40700,5908,5169,5908,5434
40700,40750,5920,5176,5920,5441
40750,40800,5933,5184,5933,5449
40800,40850,5945,5191,5945,5456
40850,40900,5958,5199,5958,5464
40900,40950,5970,5206,5970,5471
40950,41000,5983,5214,5983,5479
41000,41050,5995,5221,5995,5486
41050,41100,6008,5229,6008,5494
41100,41150,6020,5236,6020,5501
41150,41200,6033,5244,6033,5509
41200,41250,6045,5251,6045,5516
41250,41300,6058,5259,6058,5524
41300,41350,6070,5266,6070,5531
41350,41400,6083,5274,6083,5539
41400,41450,6095,5281,6095,5546
41450,41500,6108,5289,6108,5554
41500,41550,6120,5296,6120,5561
41550,41600,6133,5304,6133,5569
41600,41650,6145,5311,6145,5576
41650,41700,6158,5319,6158,5584
41700,41750,6170,5326,6170,5591
41750,41800,6183,5334,6183,5599
41800,41850,6195,5341,6195,5606
41850,41900,6208,5349,6208,5614
41900,41950,6220,5356,6220,5621
41950,42000,6233,5364,6233,5629
42000,42050,6245,5371,6245,5636
42050,42100,6258,5379,6258,5644
42100,42150,6270,5386,6270,5651
42150,42200,6283,5394,6283,5659
42200,42250,6295,5401,6295,5666
42250,42300,6308,5409,6308,5674
42300,42350,6320,5416,6320,5681
42350,42400,6333,5424,6333,5689
42400,42450,6345,5431,6345,5696
42450,42500,6358,5439,6358,5704
42500,42550,6370,5446,6370,5711
42550,42600,6383,5454,6383,5719
42600,42650,6395,5461,6395,5726
42650,42700,6408,5469,6408,5734
42700,42750,6420,5476,6420,5741
42750,42800,6433,5484,6433,5749
42800,42850,6445,5491,6445,5756
42850,42900,6458,5499,6458,5764
42900,42950,6470,5506,6470,5771
42950,43000,6483,5514,6483,5779
43000,43050,6495,5521,6495,5786
43050,43100,6508,5529,6508,5794
43100,43150,6520,5536,6520,5801
43150,43200,6533,5544,6533,5809
43200,43250,6545,5551,6545,5816
43250,43300,6558,5559,6558,5824
43300,43350,6570,5566,6570,5831
43350,43400,6583,5574,6583,5839
43400,43450,6595,5581,6595,5846
43450,43500,6608,5589,6608,5854
43500,43550,6620,5596,6620,5861
43550,43600,6633,5604,6633,5869
43600,43650,6645,5611,6645,5876
43650,43700,6658,5619,6658,5884
43700,43750,6670,5626,6670,5891
43750,43800,6683,5634,6683,5899
43800,43850,6695,5641,6695,5906
43850,43900,6708,5649,6708,5914
43900,43950,6720,5656,6720,5921
43950,44000,6733,5664,6733,5929
44000,44050,6745,5671,6745,5936
44050,44100,6758,5679,6758,5944
44100,44150,6770,5686,6770,5951
44150,44200,6783,5694,6783,5959
44200,44250,6795,5701,6795,5966
44250,44300,6808,5709,6808,5974
44300,44350,6820,5716,6820,5981
44350,44400,6833,5724,6833,5989
44400,44450,6845,5731,6845,5996
44450,44500,6858,5739,6858,6004
44500,44550,6870,5746,6870,6011
44550,44600,6883,5754,6883,6019
44600,44650,6895,5761,6895,6026
44650,44700,6908,5769,6908,6034
44700,44750,6920,5776,6920,6041
44750,44800,6933,5784,6933,6049
44800,44850,6945,5791,6945,6056
44850,44900,6958,5799,6958,6064
44900,44950,6970,5806,6970,6071
44950,45000,6983,5814,6983,6079
45000,45050,6995,5821,6995,6086
45050,45100,7008,5829,7008,6094
45100,45150,7020,5836,7020,6101
45150,45200,7033,5844,7033,6109
45200,45250,7045,5851,7045,6116
45250,45300,7058,5859,7058,6124
45300,45350,7070,5866,7070,6131
45350,45400,7083,5874,7083,6139
45400,45450,7095,5881,7095,6146
45450,45500,7108,5889,7108,6154
45500,45550,7120,5896,7120,6161
45550,45600,7133,5904,7133,6169
45600,45650,7145,5911,7145,6176
45650,45700,7158,5919,7158,6184
45700,45750,7170,5926,7170,6191
45750,45800,7183,5934,7183,6199
45800,45850,7195,5941,7195,6206
45850,45900,7208,5949,7208,6214
45900,45950,7220,5956,7220,6221
45950,46000,7233,5964,7233,6229
46000,46050,7245,5971,7245,6236
46050,46100,7258,5979,7258,6244
46100,46150,7270,5986,7270,6251
46150,46200,7283,5994,7283,6259
46200,46250,7295,6001,7295,6266
46250,46300,7308,6009,7308,6274
46300,46350,7320,6016,7320,6281
46350,46400,7333,6024,7333,6289
46400,46450,7345,6031,7345,6296
46450,46500,7358,6039,7358,6304
46500,46550,7370,6046,7370,6311
46550,46600,7383,6054,7383,6319
46600,46650,7395,6061,7395,6326
46650,46700,7408,6069,7408,6334
46700,46750,7420,6076,7420,6341
46750,46800,7433,6084,7433,6349
46800,46850,7445,6091,7445,6356
46850,46900,7458,6099,7458,6364
46900,46950,7470,6106,7470,6371
46950,47000,7483,6114,7483,6379
47000,47050,7495,6121,7495,6386
47050,47100,7508,6129,7508,6394
47100,47150,7520,6136,7520,6401
47150,47200,7533,6144,7533,6409
47200,47250,7545,6151,7545,6416
47250,47300,7558,6159,7558,6424
47300,47350,7570,6166,7570,6431
47350,47400,7583,6174,7583,6439
47400,47450,7595,6181,7595,6446
47450,47500,7608,6189,7608,6454
47500,47550,7620,6196,7620,6461
47550,47600,7633,6204,7633,6469
47600,47650,7645,6211,7645,6476
47650,47700,7658,6219,7658,6484
47700,47750,7670,6226,7670,6491
47750,47800,7683,6234,7683,6499
47800,47850,7695,6241,7695,6506
47850,47900,7708,6249,7708,6514
47900,47950,7720,6256,7720,6521
47950,48000,7733,6264,7733,6529
48000,48050,7745,6271,7745,6536
48050,48100,7758,6279,7758,6544
48100,48150,7770,6286,7770,6551
48150,48200,7783,6294,7783,6559
48200,48250,7795,6301,7795,6566
48250,48300,7808,6309,7808,6574
48300,48350,7820,6316,7820,6581
48350,48400,7833,6324,7833,6589
48400,48450,7845,6331,7845,6596
48450,48500,7858,6339,7858,6604
48500,48550,7870,6346,7870,6611
48550,48600,7883,6354,7883,6619
48600,48650,7895,6361,7895,6626
48650,48700,7908,6369,7908,6634
48700,48750,7920,6376,7920,6641
48750,48800,7933,6384,7933,6649
48800,48850,7945,6391,7945,6656
48850,48900,7958,6399,7958,6664
48900,48950,7970,6406,7970,6671
48950,49000,7983,6414,7983,6679
49000,49050,7995,6421,7995,6686
49050,49100,8008,6429,8008,6694
49100,49150,8020,6436,8020,6701
49150,49200,8033,6444,8033,6709
49200,49250,8045,6451,8045,6716
49250,49300,8058,6459,8058,6724
49300,49350,8070,6466,8070,6731
49350,49400,8083,6474,8083,6739
49400,49450,8095,6481,8095,6746
49450,49500,8108,6489,8108,6754
49500,49550,8120,6496,8120,6761
49550,49600,8133,6504,8133,6769
49600,49650,8145,6511,8145,6776
49650,49700,8158,6519,8158,6784
49700,49750,8170,6526,8170,6791
49750,49800,8183,6534,8183,6799
49800,49850,8195,6541,8195,6806
49850,49900,8208,6549,8208,6814
49900,49950,8220,6556,8220,6821
49950,50000,8233,6564,8233,6829
50000,50050,8245,6571,8245,6836
50050,50100,8258,6579,8258,6844
50100,50150,8270,6586,8270,6851
50150,50200,8283,6594,8283,6859
50200,50250,8295,6601,8295,6866
50250,50300,8308,6609,8308,6874
50300,50350,8320,6616,8320,6881
50350,50400,8333,6624,8333,6889
50400,50450,8345,6631,8345,6896
50450,50500,8358,6639,8358,6904
50500,50550,8370,6646,8370,6911
50550,50600,8383,6654,8383,6919
50600,50650,8395,6661,8395,6926
50650,50700,8408,6669,8408,6934
50700,50750,8420,6676,8420,6941
50750,50800,8433,6684,8433,6949
50800,50850,8445,6691,8445,6959
50850,50900,8458,6699,8458,6971
50900,50950,8470,6706,8470,6984
50950,51000,8483,6714,8483,6996
51000,51050,8495,6721,8495,7009
51050,51100,8508,6729,8508,7021
51100,51150,8520,6736,8520,7034
51150,51200,8533,6744,8533,7046
51200,51250,8545,6751,8545,7059
51250,51300,8558,6759,8558,7071
51300,51350,8570,6766,8570,7084
51350,51400,8583,6774,8583,7096
51400,51450,8595,6781,8595,7109
51450,51500,8608,6789,8608,7121
51500,51550,8620,6796,8620,7134
51550,51600,8633,6804,8633,7146
51600,51650,8645,6811,8645,7159
51650,51700,8658,6819,8658,7171
51700,51750,8670,6826,8670,7184
51750,51800,8683,6834,8683,7196
51800,51850,8695,6841,8695,7209
51850,51900,8708,6849,8708,7221
51900,51950,8720,6856,8720,7234
51950,52000,8733,6864,8733,7246
52000,52050,8745,6871,8745,7259
52050,52100,8758,6879,8758,7271
52100,52150,8770,6886,8770,7284
52150,52200,8783,6894,8783,7296
52200,52250,8795,6901,8795,7309
52250,52300,8808,6909,8808,7321
52300,52350,8820,6916,8820,7334
52350,52400,8833,6924,8833,7346
52400,52450,8845,6931,8845,7359
52450,52500,8858,6939,8858,7371
52500,52550,8870,6946,8870,7384
52550,52600,8883,6954,8883,7396
52600,52650,8895,6961,8895,7409
52650,52700,8908,6969,8908,7421
52700,52750,8920,6976,8920,7434
52750,52800,8933,6984,8933,7446
52800,52850,8945,6991,8945,7459
52850,52900,8958,6999,8958,7471
52900,52950,8970,7006,8970,7484
52950,53000,8983,7014,8983,7496
53000,53050,8995,7021,8995,7509
53050,53100,9008,7029,9008,7521
53100,53150,9020,7036,9020,7534
53150,53200,9033,7044,9033,7546
53200,53250,9045,7051,9045,7559
53250,53300,9058,7059,9058,7571
53300,53350,9070,7066,9070,7584
53350,53400,9083,7074,9083,7596
53400,53450,9095,7081,9095,7609
53450,53500,9108,7089,9108,7621
53500,53550,9120,7096,9120,7634
53550,53600,9133,7104,9133,7646
53600,53650,9145,7111,9145,7659
53650,53700,9158,7119,9158,7671
53700,53750,9170,7126,9170,7684
53750,53800,9183,7134,9183,7696
53800,53850,9195,7141,9195,7709
53850,53900,9208,7149,9208,7721
53900,53950,9220,7156,9220,7734
53950,54000,9233,7164,9233,7746
54000,54050,9245,7171,9245,7759
54050,54100,9258,7179,9258,7771
54100,54150,9270,7186,9270,7784
54150,54200,9283,7194,9283,7796
54200,54250,9295,7201,9295,7809
54250,54300,9308,7209,9308,7821
54300,54350,9320,7216,9320,7834
54350,54400,9333,7224,9333,7846
54400,54450,9345,7231,9345,7859
54450,54500,9358,7239,9358,7871
54500,54550,9370,7246,9370,7884
54550,54600,9383,7254,9383,7896
54600,54650,9395,7261,9395,7909
54650,54700,9408,7269,9408,7921
54700,54750,9420,7276,9420,7934
54750,54800,9433,7284,9433,7946
54800,54850,9445,7291,9445,7959
54850,54900,9458,7299,9458,7971
54900,54950,9470,7306,9470,7984
54950,55000,9483,7314,9483,7996
55000,55050,9495,7321,9495,8009
55050,55100,9508,7329,9508,8021
55100,55150,9520,7336,9520,8034
55150,55200,9533,7344,9533,8046
55200,55250,9545,7351,9545,8059
55250,55300,9558,7359,9558,8071
55300,55350,9570,7366,9570,8084
55350,55400,9583,7374,9583,8096
55400,55450,9595,7381,9595,8109
55450,55500,9608,7389,9608,8121
55500,55550,9620,7396,9620,8134
55550,55600,9633,7404,9633,8146
55600,55650,9645,7411,9645,8159
55650,55700,9658,7419,9658,8171
55700,55750,9670,7426,9670,8184
55750,55800,9683,7434,9683,8196
55800,55850,9695,7441,9695,8209
55850,55900,9708,7449,9708,8221
55900,55950,9720,7456,9720,8234
55950,56000,9733,7464,9733,8246
56000,56050,9745,7471,9745,8259
56050,56100,9758,7479,9758,8271
56100,56150,9770,7486,9770,8284
56150,56200,9783,7494,9783,8296
56200,56250,9795,7501,9795,8309
56250,56300,9808,7509,9808,8321
56300,56350,9820,7516,9820,8334
56350,56400,9833,7524,9833,8346
56400,56450,9845,7531,9845,8359
56450,56500,9858,7539,9858,8371
56500,56550,9870,7546,9870,8384
56550,56600,9883,7554,9883,8396
56600,56650,9895,7561,9895,8409
56650,56700,9908,7569,9908,8421
56700,56750,9920,7576,9920,8434
56750,56800,9933,7584,9933,8446
56800,56850,9945,7591,9945,8459
56850,56900,9958,7599,9958,8471
56900,56950,9970,7606,9970,8484
56950,57000,9983,7614,9983,8496
57000,57050,9995,7621,9995,8509
57050,57100,10008,7629,10008,8521
57100,57150,10020,7636,10020,8534
57150,57200,10033,7644,10033,8546
57200,57250,10045,7651,10045,8559
57250,57300,10058,7659,10058,8571
57300,57350,10070,7666,10070,8584
57350,57400,10083,7674,10083,8596
57400,57450,10095,7681,10095,8609
57450,57500,10108,7689,10108,8621
57500,57550,10120,7696,10120,8634
57550,57600,10133,7704,10133,8646
57600,57650,10145,7711,10145,8659
57650,57700,10158,7719,10158,8671
57700,57750,10170,7726,10170,8684
57750,57800,10183,7734,10183,8696
57800,57850,10195,7741,10195,8709
57850,57900,10208,7749,10208,8721
57900,57950,10220,7756,10220,8734
57950,58000,10233,7764,10233,8746
58000,58050,10245,7771,10245,8759
58050,58100,10258,7779,10258,8771
58100,58150,10270,7786,10270,8784
58150,58200,10283,7794,10283,8796
58200,58250,10295,7801,10295,8809
58250,58300,10308,7809,10308,8821
58300,58350,10320,7816,10320,8834
58350,58400,10333,7824,10333,8846
58400,58450,10345,7831,10345,8859
58450,58500,10358,7839,10358,8871
58500,58550,10370,7846,10370,8884
58550,58600,10383,7854,10383,8896
58600,58650,10395,7861,10395,8909
58650,58700,10408,7869,10408,8921
58700,58750,10420,7876,10420,8934
58750,58800,10433,7884,10433,8946
58800,58850,10445,7891,10445,8959
58850,58900,10458,7899,10458,8971
58900,58950,10470,7906,10470,8984
58950,59000,10483,7914,10483,8996
59000,59050,10495,7921,10495,9009
59050,59100,10508,7929,10508,9021
59100,59150,10520,7936,10520,9034
59150,59200,10533,7944,10533,9046
59200,59250,10545,7951,10545,9059
59250,59300,10558,7959,10558,9071
59300,59350,10570,7966,10570,9084
59350,59400,10583,7974,10583,9096
59400,59450,10595,7981,10595,9109
59450,59500,10608,7989,10608,9121
59500,59550,10620,7996,10620,9134
59550,59600,10633,8004,10633,9146
59600,59650,10645,8011,10645,9159
59650,59700,10658,8019,10658,9171
59700,59750,10670,8026,10670,9184
59750,59800,10683,8034,10683,9196
59800,59850,10695,8041,10695,9209
59850,59900,10708,8049,10708,9221
59900,59950,10720,8056,10720,9234
59950,60000,10733,8064,10733,9246
60000,60050,10745,8071,10745,9259
60050,60100,10758,8079,10758,9271
60100,60150,10770,8086,10770,9284
60150,60200,10783,8094,10783,9296
60200,60250,10795,8101,10795,9309
60250,60300,10808,8109,10808,9321
60300,60350,10820,8116,10820,9334
60350,60400,10833,8124,10833,9346
60400,60450,10845,8131,10845,9359
60450,60500,10858,8139,10858,9371
60500,60550,10870,8146,10870,9384
60550,60600,10883,8154,10883,9396
60600,60650,10895,8161,10895,9409
60650,60700,10908,8169,10908,9421
60700,60750,10920,8176,10920,9434
60750,60800,10933,8184,10933,9446
60800,60850,10945,8191,10945,9459
60850,60900,10958,8199,10958,9471
60900,60950,10970,8206,10970,9484
60950,61000,10983,8214,10983,9496
61000,61050,10995,8221,10995,9509
61050,61100,11008,8229,11008,9521
61100,61150,11020,8236,11020,9534
61150,61200,11033,8244,11033,9546
61200,61250,11045,8251,11045,9559
61250,61300,11058,8259,11058,9571
61300,61350,11070,8266,11070,9584
61350,61400,11083,8274,11083,9596
61400,61450,11095,8281,11095,9609
61450,61500,11108,8289,11108,9621
61500,61550,11120,8296,11120,9634
61550,61600,11133,8304,11133,9646
61600,61650,11145,8311,11145,9659
61650,61700,11158,8319,11158,9671
61700,61750,11170,8326,11170,9684
61750,61800,11183,8334,11183,9696
61800,61850,11195,8341,11195,9709
61850,61900,11208,8349,11208,9721
61900,61950,11220,8356,11220,9734
61950,62000,11233,8364,11233,9746
62000,62050,11245,8371,11245,9759
62050,62100,11258,8379,11258,9771
62100,62150,11270,8386,11270,9784
62150,62200,11283,8394,11283,9796
62200,62250,11295,8401,11295,9809
62250,62300,11308,8409,11308,9821
62300,62350,11320,8416,11320,9834
62350,62400,11333,8424,11333,9846
62400,62450,11345,8431,11345,9859
62450,62500,11358,8439,11358,9871
62500,62550,11370,8446,11370,9884
62550,62600,11383,8454,11383,9896
62600,62650,11395,8461,11395,9909
62650,62700,11408,8469,11408,9921
62700,62750,11420,8476,11420,9934
62750,62800,11433,8484,11433,9946
62800,62850,11445,8491,11445,9959
62850,62900,11458,8499,11458,9971
62900,62950,11470,8506,11470,9984
62950,63000,11483,8514,11483,9996
63000,63050,11495,8521,11495,10009
63050,63100,11508,8529,11508,10021
63100,63150,11520,8536,11520,10034
63150,63200,11533,8544,11533,10046
63200,63250,11545,8551,11545,10059
63250,63300,11558,8559,11558,10071
63300,63350,11570,8566,11570,10084
63350,63400,11583,8574,11583,10096
63400,63450,11595,8581,11595,10109
63450,63500,11608,8589,11608,10121
63500,63550,11620,8596,11620,10134
63550,63600,11633,8604,11633,10146
63600,63650,11645,8611,11645,10159
63650,63700,11658,8619,11658,10171
63700,63750,11670,8626,11670,10184
63750,63800,11683,8634,11683,10196
63800,63850,11695,8641,11695,10209
63850,63900,11708,8649,11708,10221
63900,63950,11720,8656,11720,10234
63950,64000,11733,8664,11733,10246
64000,64050,11745,8671,11745,10259
64050,64100,11758,8679,11758,10271
64100,64150,11770,8686,11770,10284
64150,64200,11783,8694,11783,10296
64200,64250,11795,8701,11795,10309
64250,64300,11808,8709,11808,10321
64300,64350,11820,8716,11820,10334
64350,64400,11833,8724,11833,10346
64400,64450,11845,8731,11845,10359
64450,64500,11858,8739,11858,10371
64500,64550,11870,8746,11870,10384
64550,64600,11883,8754,11883,10396
64600,64650,11895,8761,11895,10409
64650,64700,11908,8769,11908,10421
64700,64750,11920,8776,11920,10434
64750,64800,11933,8784,11933,10446
64800,64850,11945,8791,11945,10459
64850,64900,11958,8799,11958,10471
64900,64950,11970,8806,11970,10484
64950,65000,11983,8814,11983,10496
65000,65050,11995,8821,11995,10509
65050,65100,12008,8829,12008,10521
65100,65150,12020,8836,12020,10534
65150,65200,12033,8844,12033,10546
65200,65250,12045,8851,12045,10559
65250,65300,12058,8859,12058,10571
65300,65350,12070,8866,12070,10584
65350,65400,12083,8874,12083,10596
65400,65450,12095,8881,12095,10609
65450,65500,12108,8889,12108,10621
65500,65550,12120,8896,12120,10634
65550,65600,12133,8904,12133,10646
65600,65650,12145,8911,12145,10659
65650,65700,12158,8919,12158,10671
65700,65750,12170,8926,12170,10684
65750,65800,12183,8934,12183,10696
65800,65850,12195,8941,12195,10709
65850,65900,12208,8949,12208,10721
65900,65950,12220,8956,12220,10734
65950,66000,12233,8964,12233,10746
66000,66050,12245,8971,12245,10759
66050,66100,12258,8979,12258,10771
66100,66150,12270,8986,12270,10784
66150,66200,12283,8994,12283,10796
66200,66250,12295,9001,12295,10809
66250,66300,12308,9009,12308,10821
66300,66350,12320,9016,12320,10834
66350,66400,12333,9024,12333,10846
66400,66450,12345,9031,12345,10859
66450,66500,12358,9039,12358,10871
66500,66550,12370,9046,12370,10884
66550,66600,12383,9054,12383,10896
66600,66650,12395,9061,12395,10909
66650,66700,12408,9069,12408,10921
66700,66750,12420,9076,12420,10934
66750,66800,12433,9084,12433,10946
66800,66850,12445,9091,12445,10959
66850,66900,12458,9099,12458,10971
66900,66950,12470,9106,12470,10984
66950,67000,12483,9114,12483,10996
67000,67050,12495,9121,12495,11009
67050,67100,12508,9129,12508,11021
67100,67150,12520,9136,12520,11034
67150,67200,12533,9144,12533,11046
67200,67250,12545,9151,12545,11059
67250,67300,12558,9159,12558,11071
67300,67350,12570,9166,12570,11084
67350,67400,12583,9174,12583,11096
67400,67450,12595,9181,12595,11109
67450,67500,12608,9189,12608,11121
67500,67550,12620,9196,12620,11134
67550,67600,12633,9204,12633,11146
67600,67650,12645,9211,12645,11159
67650,67700,12658,9219,12658,11171
67700,67750,12670,9226,12670,11184
67750,67800,12683,9234,12683,11196
67800,67850,12695,9241,12695,11209
67850,67900,12708,9249,12708,11221
67900,67950,12720,9256,12720,11234
67950,68000,12733,9264,12733,11246
68000,68050,12745,9271,12745,11259
68050,68100,12758,9279,12758,11271
68100,68150,12770,9286,12770,11284
68150,68200,12783,9294,12783,11296
68200,68250,12795,9301,12795,11309
68250,68300,12808,9309,12808,11321
68300,68350,12820,9316,12820,11334
68350,68400,12833,9324,12833,11346
68400,68450,12845,9331,12845,11359
68450,68500,12858,9339,12858,11371
68500,68550,12870,9346,12870,11384
68550,68600,12883,9354,12883,11396
68600,68650,12895,9361,12895,11409
68650,68700,12908,9369,12908,11421
68700,68750,12920,9376,12920,11434
68750,68800,12933,9384,12933,11446
68800,68850,12945,9391,12945,11459
68850,68900,12958,9399,12958,11471
68900,68950,12970,9406,12970,11484
68950,69000,12983,9414,12983,11496
69000,69050,12995,9421,12995,11509
69050,69100,13008,9429,13008,11521
69100,69150,13020,9436,13020,11534
69150,69200,13033,9444,13033,11546
69200,69250,13045,9451,13045,11559
69250,69300,13058,9459,13058,11571
69300,69350,13070,9466,13070,11584
69350,69400,13083,9474,13083,11596
69400,69450,13095,9481,13095,11609
69450,69500,13108,9489,13108,11621
69500,69550,13120,9496,13120,11634
69550,69600,13133,9504,13133,11646
69600,69650,13145,9511,13145,11659
69650,69700,13158,9519,13158,11671
69700,69750,13170,9526,13170,11684
69750,69800,13183,9534,13183,11696
69800,69850,13195,9541,13195,11709
69850,69900,13208,9549,13208,11721
69900,69950,13220,9556,13220,11734
69950,70000,13233,9564,13233,11746
70000,70050,13245,9571,13245,11759
70050,70100,13258,9579,13258,11771
70100,70150,13270,9586,13270,11784
70150,70200,13283,9594,13283,11796
70200,70250,13295,9601,13295,11809
70250,70300,13308,9609,13308,11821
70300,70350,13320,9616,13320,11834
70350,70400,13333,9624,13333,11846
70400,70450,13345,9631,13345,11859
70450,70500,13358,9639,13358,11871
70500,70550,13370,9646,13370,11884
70550,70600,13383,9654,13383,11896
70600,70650,13395,9661,13395,11909
70650,70700,13408,9669,13408,11921
70700,70750,13420,9676,13420,11934
70750,70800,13433,9684,13433,11946
70800,70850,13445,9691,13445,11959
70850,70900,13458,9699,13458,11971
70900,70950,13470,9706,13470,11984
70950,71000,13483,9714,13483,11996
71000,71050,13495,9721,13495,12009
71050,71100,13508,9729,13508,12021
71100,71150,13520,9736,13520,12034
71150,71200,13533,9744,13533,12046
71200,71250,13545,9751,13545,12059
71250,71300,13558,9759,13558,12071
71300,71350,13570,9766,13570,12084
71350,71400,13583,9774,13583,12096
71400,71450,13595,9781,13595,12109
71450,71500,13608,9789,13608,12121
71500,71550,13620,9796,13620,12134
71550,71600,13633,9804,13633,12146
71600,71650,13645,9811,13645,12159
71650,71700,13658,9819,13658,12171
71700,71750,13670,9826,13670,12184
71750,71800,13683,9834,13683,12196
71800,71850,13695,9841,13695,12209
71850,71900,13708,9849,13708,12221
71900,71950,13720,9856,13720,12234
71950,72000,13733,9864,13733,12246
72000,72050,13745,9871,13745,12259
72050,72100,13758,9879,13758,12271
72100,72150,13770,9886,13770,12284
72150,72200,13783,9894,13783,12296
72200,72250,13795,9901,13795,12309
72250,72300,13808,9909,13808,12321
72300,72350,13820,9916,13820,12334
72350,72400,13833,9924,13833,12346
72400,72450,13845,9931,13845,12359
72450,72500,13858,9939,13858,12371
72500,72550,13870,9946,13870,12384
72550,72600,13883,9954,13883,12396
72600,72650,13895,9961,13895,12409
72650,72700,13908,9969,13908,12421
72700,72750,13920,9976,13920,12434
72750,72800,13933,9984,13933,12446
72800,72850,13945,9991,13945,12459
72850,72900,13958,9999,13958,12471
72900,72950,13970,10006,13970,12484
72950,73000,13983,10014,13983,12496
73000,73050,13995,10021,13995,12509
73050,73100,14008,10029,14008,12521
73100,73150,14020,10036,14020,12534
73150,73200,14033,10044,14033,12546
73200,73250,14045,10051,14045,12559
73250,73300,14058,10059,14058,12571
73300,73350,14070,10066,14070,12584
73350,73400,14083,10074,14083,12596
73400,73450,14095,10081,14095,12609
73450,73500,14108,10089,14108,12621
73500,73550,14120,10096,14120,12634
73550,73600,14133,10104,14133,12646
73600,73650,14145,10111,14145,12659
73650,73700,14158,10119,14158,12671
73700,73750,14170,10126,14170,12684
73750,73800,14183,10134,14183,12696
73800,73850,14195,10141,14195,12709
73850,73900,14208,10149,14208,12721
73900,73950,14220,10156,14220,12734
73950,74000,14233,10164,14233,12746
74000,74050,14245,10171,14245,12759
74050,74100,14258,10179,14258,12771
74100,74150,14270,10186,14270,12784
74150,74200,14283,10194,14283,12796
74200,74250,14295,10201,14295,12809
74250,74300,14308,10209,14308,12821
74300,74350,14320,10216,14320,12834
74350,74400,14333,10224,14333,12846
74400,74450,14345,10231,14345,12859
74450,74500,14358,10239,14358,12871
74500,74550,14370,10246,14370,12884
74550,74600,14383,10254,14383,12896
74600,74650,14395,10261,14395,12909
74650,74700,14408,10269,14408,12921
74700,74750,14420,10276,14420,12934
74750,74800,14433,10284,14433,12946
74800,74850,14445,10291,14445,12959
74850,74900,14458,10299,14458,12971
74900,74950,14470,10306,14470,12984
74950,75000,14483,10314,14483,12996
75000,75050,14495,10321,14495,13009
75050,75100,14508,10329,14508,13021
75100,75150,14520,10336,14520,13034
75150,75200,14533,10344,14533,13046
75200,75250,14545,10351,14545,13059
75250,75300,14558,10359,14558,13071
75300,75350,14570,10366,14570,13084
75350,75400,14583,10374,14583,13096
75400,75450,14595,10381,14595,13109
75450,75500,14608,10389,14608,13121
75500,75550,14620,10396,14620,13134
75550,75600,14633,10404,14633,13146
75600,75650,14645,10411,14645,13159
75650,75700,14658,10419,14658,13171
75700,75750,14670,10426,14670,13184
75750,75800,14683,10434,14683,13196
75800,75850,14695,10441,14695,13209
75850,75900,14708,10449,14708,13221
75900,75950,14720,10459,14720,13234
75950,76000,14733,10471,14733,13246
76000,76050,14745,10484,14745,13259
76050,76100,14758,10496,14758,13271
76100,76150,14770,10509,14770,13284
76150,76200,14783,10521,14783,13296
76200,76250,14795,10534,14795,13309
76250,76300,14808,10546,14808,13321
76300,76350,14820,10559,14820,13334
76350,76400,14833,10571,14833,13346
76400,76450,14845,10584,14845,13359
76450,76500,14858,10596,14858,13371
76500,76550,14870,10609,14870,13384
76550,76600,14883,10621,14883,13396
76600,76650,14895,10634,14897,13409
76650,76700,14908,10646,14911,13421
76700,76750,14920,10659,14925,13434
76750,76800,14933,10671,14939,13446
76800,76850,14945,10684,14953,13459
76850,76900,14958,10696,14967,13471
76900,76950,14970,10709,14981,13484
76950,77000,14983,10721,14995,13496
77000,77050,14995,10734,15009,13509
77050,77100,15008,10746,15023,13521
77100,77150,15020,10759,15037,13534
77150,77200,15033,10771,15051,13546
77200,77250,15045,10784,15065,13559
77250,77300,15058,10796,15079,13571
77300,77350,15070,10809,15093,13584
77350,77400,15083,10821,15107,13596
77400,77450,15095,10834,15121,13609
77450,77500,15108,10846,15135,13621
77500,77550,15120,10859,15149,13634
77550,77600,15133,10871,15163,13646
77600,77650,15145,10884,15177,13659
77650,77700,15158,10896,15191,13671
77700,77750,15170,10909,15205,13684
77750,77800,15183,10921,15219,13696
77800,77850,15195,10934,15233,13709
77850,77900,15208,10946,15247,13721
77900,77950,15220,10959,15261,13734
77950,78000,15233,10971,15275,13746
78000,78050,15245,10984,15289,13759
78050,78100,15258,10996,15303,13771
78100,78150,15270,11009,15317,13784
78150,78200,15283,11021,15331,13796
78200,78250,15295,11034,15345,13809
78250,78300,15308,11046,15359,13821
78300,78350,15320,11059,15373,13834
78350,78400,15333,11071,15387,13846
78400,78450,15345,11084,15401,13859
78450,78500,15358,11096,15415,13871
78500,78550,15370,11109,15429,13884
78550,78600,15383,11121,15443,13896
78600,78650,15395,11134,15457,13909
78650,78700,15408,11146,15471,13921
78700,78750,15420,11159,15485,13934
78750,78800,15433,11171,15499,13946
78800,78850,15445,11184,15513,13959
78850,78900,15458,11196,15527,13971
78900,78950,15470,11209,15541,13984
78950,79000,15483,11221,15555,13996
79000,79050,15495,11234,15569,14009
79050,79100,15508,11246,15583,14021
79100,79150,15520,11259,15597,14034
79150,79200,15533,11271,15611,14046
79200,79250,15545,11284,15625,14059
79250,79300,15558,11296,15639,14071
79300,79350,15570,11309,15653,14084
79350,79400,15583,11321,15667,14096
79400,79450,15595,11334,15681,14109
79450,79500,15608,11346,15695,14121
79500,79550,15620,11359,15709,14134
79550,79600,15633,11371,15723,14146
79600,79650,15645,11384,15737,14159
79650,79700,15658,11396,15751,14171
79700,79750,15670,11409,15765,14184
79750,79800,15683,11421,15779,14196
79800,79850,15695,11434,15793,14209
79850,79900,15708,11446,15807,14221
79900,79950,15720,11459,15821,14234
79950,80000,15733,11471,15835,14246
80000,80050,15745,11484,15849,14259
80050,80100,15758,11496,15863,14271
80100,80150,15770,11509,15877,14284
80150,80200,15783,11521,15891,14296
80200,80250,15795,11534,15905,14309
80250,80300,15808,11546,15919,14321
80300,80350,15820,11559,15933,14334
80350,80400,15833,11571,15947,14346
80400,80450,15845,11584,15961,14359
80450,80500,15858,11596,15975,14371
80500,80550,15870,11609,15989,14384
80550,80600,15883,11621,16003,14396
80600,80650,15895,11634,16017,14409
80650,80700,15908,11646,16031,14421
80700,80750,15920,11659,16045,14434
80750,80800,15933,11671,16059,14446
80800,80850,15945,11684,16073,14459
80850,80900,15958,11696,16087,14471
80900,80950,15970,11709,16101,14484
80950,81000,15983,11721,16115,14496
81000,81050,15995,11734,16129,14509
81050,81100,16008,11746,16143,14521
81100,81150,16020,11759,16157,14534
81150,81200,16033,11771,16171,14546
81200,81250,16045,11784,16185,14559
81250,81300,16058,11796,16199,14571
81300,81350,16070,11809,16213,14584
81350,81400,16083,11821,16227,14596
81400,81450,16095,11834,16241,14609
81450,81500,16108,11846,16255,14621
81500,81550,16120,11859,16269,14634
81550,81600,16133,11871,16283,14646
81600,81650,16145,11884,16297,14659
81650,81700,16158,11896,16311,14671
81700,81750,16170,11909,16325,14684
81750,81800,16183,11921,16339,14696
81800,81850,16195,11934,16353,14709
81850,81900,16208,11946,16367,14721
81900,81950,16220,11959,16381,14734
81950,82000,16233,11971,16395,14746
82000,82050,16245,11984,16409,14759
82050,82100,16258,11996,16423,14771
82100,82150,16270,12009,16437,14784
82150,82200,16283,12021,16451,14796
82200,82250,16295,12034,16465,14809
82250,82300,16308,12046,16479,14821
82300,82350,16320,12059,16493,14834
82350,82400,16333,12071,16507,14846
82400,82450,16345,12084,16521,14859
82450,82500,16358,12096,16535,14871
82500,82550,16370,12109,16549,14884
82550,82600,16383,12121,16563,14896
82600,82650,16395,12134,16577,14909
82650,82700,16408,12146,16591,14921
82700,82750,16420,12159,16605,14934
82750,82800,16433,12171,16619,14946
82800,82850,16445,12184,16633,14959
82850,82900,16458,12196,16647,14971
82900,82950,16470,12209,16661,14984
82950,83000,16483,12221,16675,14996
83000,83050,16495,12234,16689,15009
83050,83100,16508,12246,16703,15021
83100,83150,16520,12259,16717,15034
83150,83200,16533,12271,16731,15046
83200,83250,16545,12284,16745,15059
83250,83300,16558,12296,16759,15071
83300,83350,16570,12309,16773,15084
83350,83400,16583,12321,16787,15096
83400,83450,16595,12334,16801,15109
83450,83500,16608,12346,16815,15121
83500,83550,16620,12359,16829,15134
83550,83600,16633,12371,16843,15146
83600,83650,16645,12384,16857,15159
83650,83700,16658,12396,16871,15171
83700,83750,16670,12409,16885,15184
83750,83800,16683,12421,16899,15196
83800,83850,16695,12434,16913,15209
83850,83900,16708,12446,16927,15221
83900,83950,16720,12459,16941,15234
83950,84000,16733,12471,16955,15246
84000,84050,16745,12484,16969,15259
84050,84100,16758,12496,16983,15271
84100,84150,16770,12509,16997,15284
84150,84200,16783,12521,17011,15296
84200,84250,16795,12534,17025,15309
84250,84300,16808,12546,17039,15321
84300,84350,16820,12559,17053,15334
84350,84400,16833,12571,17067,15346
84400,84450,16845,12584,17081,15359
84450,84500,16858,12596,17095,15371
84500,84550,16870,12609,17109,15384
84550,84600,16883,12621,17123,15396
84600,84650,16895,12634,17137,15409
84650,84700,16908,12646,17151,15421
84700,84750,16920,12659,17165,15434
84750,84800,16933,12671,17179,15446
84800,84850,16945,12684,17193,15459
84850,84900,16958,12696,17207,15471
84900,84950,16970,12709,17221,15484
84950,85000,16983,12721,17235,15496
85000,85050,16995,12734,17249,15509
85050,85100,17008,12746,17263,15521
85100,85150,17020,12759,17277,15534
85150,85200,17033,12771,17291,15546
85200,85250,17045,12784,17305,15559
85250,85300,17058,12796,17319,15571
85300,85350,17070,12809,17333,15584
85350,85400,17083,12821,17347,15596
85400,85450,17095,12834,17361,15609
85450,85500,17108,12846,17375,15621
85500,85550,17120,12859,17389,15634
85550,85600,17133,12871,17403,15646
85600,85650,17145,12884,17417,15659
85650,85700,17158,12896,17431,15671
85700,85750,17170,12909,17445,15684
85750,85800,17183,12921,17459,15696
85800,85850,17195,12934,17473,15709
85850,85900,17208,12946,17487,15721
85900,85950,17220,12959,17501,15734
85950,86000,17233,12971,17515,15746
86000,86050,17245,12984,17529,15759
86050,86100,17258,12996,17543,15771
86100,86150,17270,13009,17557,15784
86150,86200,17283,13021,17571,15796
86200,86250,17295,13034,17585,15809
86250,86300,17308,13046,17599,15821
86300,86350,17320,13059,17613,15834
86350,86400,17333,13071,17627,15846
86400,86450,17345,13084,17641,15859
86450,86500,17358,13096,17655,15871
86500,86550,17370,13109,17669,15884
86550,86600,17383,13121,17683,15896
86600,86650,17395,13134,17697,15909
86650,86700,17408,13146,17711,15921
86700,86750,17420,13159,17725,15934
86750,86800,17433,13171,17739,15946
86800,86850,17445,13184,17753,15959
86850,86900,17458,13196,17767,15971
86900,86950,17470,13209,17781,15984
86950,87000,17483,13221,17795,15996
87000,87050,17495,13234,17809,16009
87050,87100,17508,13246,17823,16021
87100,87150,17520,13259,17837,16034
87150,87200,17533,13271,17851,16046
87200,87250,17545,13284,17865,16059
87250,87300,17558,13296,17879,16071
87300,87350,17570,13309,17893,16084
87350,87400,17583,13321,17907,16096
87400,87450,17595,13334,17921,16109
87450,87500,17608,13346,17935,16121
87500,87550,17620,13359,17949,16134
87550,87600,17633,13371,17963,16146
87600,87650,17645,13384,17977,16159
87650,87700,17658,13396,17991,16171
87700,87750,17670,13409,18005,16184
87750,87800,17683,13421,18019,16196
87800,87850,17695,13434,18033,16209
87850,87900,17708,13446,18047,16221
87900,87950,17720,13459,18061,16234
87950,88000,17733,13471,18075,16246
88000,88050,17745,13484,18089,16259
88050,88100,17758,13496,18103,16271
88100,88150,17770,13509,18117,16284
88150,88200,17783,13521,18131,16296
88200,88250,17795,13534,18145,16309
88250,88300,17808,13546,18159,16321
88300,88350,17820,13559,18173,16334
88350,88400,17833,13571,18187,16346
88400,88450,17845,13584,18201,16359
88450,88500,17858,13596,18215,16371
88500,88550,17870,13609,18229,16384
88550,88600,17883,13621,18243,16396
88600,88650,17895,13634,18257,16409
88650,88700,17908,13646,18271,16421
88700,88750,17920,13659,18285,16434
88750,88800,17933,13671,18299,16446
88800,88850,17945,13684,18313,16459
88850,88900,17958,13696,18327,16471
88900,88950,17970,13709,18341,16484
88950,89000,17983,13721,18355,16496
89000,89050,17995,13734,18369,16509
89050,89100,18008,13746,18383,16521
89100,89150,18020,13759,18397,16534
89150,89200,18033,13771,18411,16546
89200,89250,18045,13784,18425,16559
89250,89300,18058,13796,18439,16571
89300,89350,18070,13809,18453,16584
89350,89400,18083,13821,18467,16596
89400,89450,18095,13834,18481,16609
89450,89500,18108,13846,18495,16621
89500,89550,18120,13859,18509,16634
89550,89600,18133,13871,18523,16646
89600,89650,18145,13884,18537,16659
89650,89700,18158,13896,18551,16671
89700,89750,18170,13909,18565,16684
89750,89800,18183,13921,18579,16696
89800,89850,18195,13934,18593,16709
89850,89900,18208,13946,18607,16721
89900,89950,18220,13959,18621,16734
89950,90000,18233,13971,18635,16746
90000,90050,18245,13984,18649,16759
90050,90100,18258,13996,18663,16771
90100,90150,18270,14009,18677,16784
90150,90200,18283,14021,18691,16796
90200,90250,18295,14034,18705,16809
90250,90300,18308,14046,18719,16821
90300,90350,18320,14059,18733,16834
90350,90400,18333,14071,18747,16846
90400,90450,18345,14084,18761,16859
90450,90500,18358,14096,18775,16871
90500,90550,18370,14109,18789,16884
90550,90600,18383,14121,18803,16896
90600,90650,18395,14134,18817,16909
90650,90700,18408,14146,18831,16921
90700,90750,18420,14159,18845,16934
90750,90800,18433,14171,18859,16946
90800,90850,18445,14184,18873,16959
90850,90900,18458,14196,18887,16971
90900,90950,18470,14209,18901,16984
90950,91000,18483,14221,18915,16996
91000,91050,18495,14234,18929,17009
91050,91100,18508,14246,18943,17021
91100,91150,18520,14259,18957,17034
91150,91200,18533,14271,18971,17046
91200,91250,18545,14284,18985,17059
91250,91300,18558,14296,18999,17071
91300,91350,18570,14309,19013,17084
91350,91400,18583,14321,19027,17096
91400,91450,18595,14334,19041,17109
91450,91500,18608,14346,19055,17121
91500,91550,18620,14359,19069,17134
91550,91600,18633,14371,19083,17146
91600,91650,18645,14384,19097,17159
91650,91700,18658,14396,19111,17171
91700,91750,18670,14409,19125,17184
91750,91800,18683,14421,19139,17196
91800,91850,18695,14434,19153,17209
91850,91900,18708,14446,19167,17221
91900,91950,18721,14459,19181,17234
91950,92000,18735,14471,19195,17246
92000,92050,18749,14484,19209,17259
92050,92100,18763,14496,19223,17271
92100,92150,18777,14509,19237,17284
92150,92200,18791,14521,19251,17296
92200,92250,18805,14534,19265,17309
92250,92300,18819,14546,19279,17321
92300,92350,18833,14559,19293,17334
92350,92400,18847,14571,19307,17346
92400,92450,18861,14584,19321,17359
92450,92500,18875,14596,19335,17371
92500,92550,18889,14609,19349,17384
92550,92600,18903,14621,19363,17396
92600,92650,18917,14634,19377,17409
92650,92700,18931,14646,19391,17421
92700,92750,18945,14659,19405,17434
92750,92800,18959,14671,19419,17446
92800,92850,18973,14684,19433,17459
92850,92900,18987,14696,19447,17471
92900,92950,19001,14709,19461,17484
92950,93000,19015,14721,19475,17496
93000,93050,19029,14734,19489,17509
93050,93100,19043,14746,19503,17521
93100,93150,19057,14759,19517,17534
93150,93200,19071,14771,19531,17546
93200,93250,19085,14784,19545,17559
93250,93300,19099,14796,19559,17571
93300,93350,19113,14809,19573,17584
93350,93400,19127,14821,19587,17596
93400,93450,19141,14834,19601,17609
93450,93500,19155,14846,19615,17621
93500,93550,19169,14859,19629,17634
93550,93600,19183,14871,19643,17646
93600,93650,19197,14884,19657,17659
93650,93700,19211,14896,19671,17671
93700,93750,19225,14909,19685,17684
93750,93800,19239,14921,19699,17696
93800,93850,19253,14934,19713,17709
93850,93900,19267,14946,19727,17721
93900,93950,19281,14959,19741,17734
93950,94000,19295,14971,19755,17746
94000,94050,19309,14984,19769,17759
94050,94100,19323,14996,19783,17771
94100,94150,19337,15009,19797,17784
94150,94200,19351,15021,19811,17796
94200,94250,19365,15034,19825,17809
94250,94300,19379,15046,19839,17821
94300,94350,19393,15059,19853,17834
94350,94400,19407,15071,19867,17846
94400,94450,19421,15084,19881,17859
94450,94500,19435,15096,19895,17871
94500,94550,19449,15109,19909,17884
94550,94600,19463,15121,19923,17896
94600,94650,19477,15134,19937,17909
94650,94700,19491,15146,19951,17921
94700,94750,19505,15159,19965,17934
94750,94800,19519,15171,19979,17946
94800,94850,19533,15184,19993,17959
94850,94900,19547,15196,20007,17971
94900,94950,19561,15209,20021,17984
94950,95000,19575,15221,20035,17996
95000,95050,19589,15234,20049,18009
95050,95100,19603,15246,20063,18021
95100,95150,19617,15259,20077,18034
95150,95200,19631,15271,20091,18046
95200,95250,19645,15284,20105,18059
95250,95300,19659,15296,20119,18071
95300,95350,19673,15309,20133,18084
95350,95400,19687,15321,20147,18096
95400,95450,19701,15334,20161,18109
95450,95500,19715,15346,20175,18121
95500,95550,19729,15359,20189,18134
95550,95600,19743,15371,20203,18146
95600,95650,19757,15384,20217,18159
95650,95700,19771,15396,20231,18171
95700,95750,19785,15409,20245,18184
95750,95800,19799,15421,20259,18196
95800,95850,19813,15434,20273,18209
95850,95900,19827,15446,20287,18221
95900,95950,19841,15459,20301,18234
95950,96000,19855,15471,20315,18246
96000,96050,19869,15484,20329,18259
96050,96100,19883,15496,20343,18271
96100,96150,19897,15509,20357,18284
96150,96200,19911,15521,20371,18296
96200,96250,19925,15534,20385,18309
96250,96300,19939,15546,20399,18321
96300,96350,19953,15559,20413,18334
96350,96400,19967,15571,20427,18346
96400,96450,19981,15584,20441,18359
96450,96500,19995,15596,20455,18371
96500,96550,20009,15609,20469,18384
96550,96600,20023,15621,20483,18396
96600,96650,20037,15634,20497,18409
96650,96700,20051,15646,20511,18421
96700,96750,20065,15659,20525,18434
96750,96800,20079,15671,20539,18446
96800,96850,20093,15684,20553,18459
96850,96900,20107,15696,20567,18471
96900,96950,20121,15709,20581,18484
96950,97000,20135,15721,20595,18496
97000,97050,20149,15734,20609,18509
97050,97100,20163,15746,20623,18521
97100,97150,20177,15759,20637,18534
97150,97200,20191,15771,20651,18546
97200,97250,20205,15784,20665,18559
97250,97300,20219,15796,20679,18571
97300,97350,20233,15809,20693,18584
97350,97400,20247,15821,20707,18596
97400,97450,20261,15834,20721,18609
97450,97500,20275,15846,20735,18621
97500,97550,20289,15859,20749,18634
97550,97600,20303,15871,20763,18646
97600,97650,20317,15884,20777,18659
97650,97700,20331,15896,20791,18671
97700,97750,20345,15909,20805,18684
97750,97800,20359,15921,20819,18696
97800,97850,20373,15934,20833,18709
97850,97900,20387,15946,20847,18721
97900,97950,20401,15959,20861,18734
97950,98000,20415,15971,20875,18746
98000,98050,20429,15984,20889,18759
98050,98100,20443,15996,20903,18771
98100,98150,20457,16009,20917,18784
98150,98200,20471,16021,20931,18796
98200,98250,20485,16034,20945,18809
98250,98300,20499,16046,20959,18821
98300,98350,20513,16059,20973,18834
98350,98400,20527,16071,20987,18846
98400,98450,20541,16084,21001,18859
98450,98500,20555,16096,21015,18871
98500,98550,20569,16109,21029,18884
98550,98600,20583,16121,21043,18896
98600,98650,20597,16134,21057,18909
98650,98700,20611,16146,21071,18921
98700,98750,20625,16159,21085,18934
98750,98800,20639,16171,21099,18946
98800,98850,20653,16184,21113,18959
98850,98900,20667,16196,21127,18971
98900,98950,20681,16209,21141,18984
98950,99000,20695,16221,21155,18996
99000,99050,20709,16234,21169,19009
99050,99100,20723,16246,21183,19021
99100,99150,20737,16259,21197,19034
99150,99200,20751,16271,21211,19046
99200,99250,20765,16284,21225,19059
99250,99300,20779,16296,21239,19071
99300,99350,20793,16309,21253,19084
99350,99400,20807,16321,21267,19096
99400,99450,20821,16334,21281,19109
99450,99500,20835,16346,21295,19121
99500,99550,20849,16359,21309,19134
99550,99600,20863,16371,21323,19146
99600,99650,20877,16384,21337,19159
99650,99700,20891,16396,21351,19171
99700,99750,20905,16409,21365,19184
99750,99800,20919,16421,21379,19196
99800,99850,20933,16434,21393,19209
99850,99900,20947,16446,21407,19221
99900,99950,20961,16459,21421,19234
99950,100000,20975,16471,21435,19246
